make,option value,data-select2-id
1976 Plymouth,7313,30
Ac,7050,31
Acura,2,32
Airs,7105,33
Alfa romeo,3,34
Alle,7865,35
Aluma,5726,36
Am General,5550,37
Amc,6068,38
American General,6547,39
American Motors,5643,40
Amigo,6913,41
Amtl,8467,42
Anti,8353,43
APEX,8668,44
Aprilia,8477,45
Arctic Cat,6193,46
Argo,7939,47
Argo Atv,5825,48
Ariel,7197,49
Arising,6458,50
Armretta,7663,51
Arnc,8038,52
Aro,8837,53
Artic Cat,7770,54
Asse,6810,55
Assembled,5928,56
Assembly,6392,57
Aston martin,4,58
Asve,6043,59
Audi,5,60
Austin,5666,61
AUSTIN HEALEY,8611,62
Auto,8366,63
Back,8196,64
Baja,7426,65
Baot,8009,66
Bayh,8754,67
Beaver,8071,68
Benn,7409,69
Bentley,6,70
Big Dog,7142,71
Big Horn,6917,72
Bigt,8604,73
Bilt,6501,74
Blue Bird,5670,75
Bmbr,7734,76
Bmw,7,77
Boat,5924,78
Bombardier,5922,79
Bost,7287,80
Box,8227,81
Brau,8374,82
Bren,7780,83
Bricklin,7604,84
Buell,8317,85
Buick,8,86
Bus &amp; Coach Intl (bci),8433,87
Cadillac,9,88
Can-am,6421,89
Cann,6635,90
Car,6641,91
Cargo,5997,92
Carr,8189,93
Carry On,7135,94
Carryon,6575,95
Caterpillar,8386,96
Cf0s,8577,97
Cfmoto,7674,98
Cham,5762,99
Checker,7614,100
Cherokee,7646,101
Chevrolet,10,102
Chevy,6866,103
Chrysler,11,104
Chua,8565,105
Cimc,8147,106
Citr,5620,107
Clar,7100,108
Clark,6974,109
Clark Forklift,8835,110
Classic Roadster,5638,111
Club,7725,112
Club Car,6358,113
Club Cart,7639,114
Coach,6398,115
Coah,7988,116
Coda,5789,117
Comex,8796,118
Comp,6147,119
Conc,6341,120
Cont,6282,121
Cotc,5765,122
Coyote,7009,123
Cres,7848,124
Cros,6525,125
Crosley,7115,126
Crow,6639,127
Crui,8325,128
Cub Cadet,6901,129
Cust Tanker,7876,130
Custom,7249,131
Daewoo,12,132
Daihatsu,6919,133
Daimler Benz,6515,134
Damo,6098,135
Daoxi,5925,136
Datsun,13,137
Delorean,7968,138
Delta,7913,139
Desoto,6540,140
Diam,7427,141
Diwi,5904,142
Dlph,8563,143
Dodge,14,144
Domi,7245,145
Dool,8836,146
Ducati,6560,147
Dutc,6044,148
Eagle,5596,149
Ebbt,8555,150
El Dorado,5918,151
Eletric,7664,152
Equi,6277,153
Ez,7074,154
Ez Go,6266,155
Ezgo,7675,156
Fact,8081,157
Featherlite Mfg Inc,8519,158
Fell,5760,159
Fenx,7332,160
Ferrari,15,161
Fiat,16,162
Fisker Automotive,5619,163
Flag,7653,164
Flagstaff,6268,165
Flar,7987,166
Fleetwood,7119,167
Ford,17,168
Ford  Ford,7745,169
Ford Truck,8396,170
Forest River,7649,171
Forestriver,7549,172
Fork,7415,173
Forr,7391,174
Fountain,7004,175
Four,8690,176
Fran,8597,177
Free,6774,178
Freedom Trailer,7550,179
Freightliner,5597,180
Freu,7690,181
Frrv,8496,182
Fruehauf,6052,183
Fskr,6130,184
Ftwd,8305,185
Funfinder,6914,186
Fwin,6347,187
Gatormade,7551,188
Gear,7718,189
Gen,7606,190
Gene,7576,191
Genesis,18,192
Genuine Scooter Co.,8158,193
Geo,5548,194
Global Electric Motors,6343,195
Gm Ev1,6804,196
Gmc,19,197
Golf,6811,198
Good,8181,199
Gran,5988,200
Gravely,7232,201
Grea,7505,202
Guan,6251,203
Gulf Stream,7864,204
H&amp;h,7558,205
Harley Dav,8251,206
Harley-davidson,5692,207
Haul,5583,208
Haulmark,6719,209
Heart Land,6807,210
Hesc,7102,211
Hino,6085,212
Holi,7240,213
Holm,8186,214
Home,6114,215
Honda,20,216
Hoop,6014,217
Huan,8848,218
Huds,5908,219
Hummer,21,220
Hurr,6544,221
Hurricane,6121,222
Huzhou,7360,223
Hyosung,6054,224
Hyst,8717,225
Hyundai,22,226
Ic Corporation,5812,227
Ice,7268,228
Imgn,8733,229
Indian Motorcycle Co.,6562,230
Infiniti,23,231
Innocenti,7917,232
Int,5664,233
Inte,6040,234
International,5577,235
Invader,7137,236
Isuzu,5542,237
Itas,8152,238
Jaguar,24,239
Jayc,6794,240
Jayco,6905,241
Jaycoinc,6999,242
Jb,8207,243
Jblc,7763,244
Jcl,6530,245
Jeep,25,246
Jens,6955,247
Jet,8319,248
John Deere,6759,249
Jrsc,8802,250
Kais,7420,251
Kato,8378,252
Kaufman,5743,253
Kawasaki,5752,254
Kent,6242,255
Kenworth,5603,256
Keystone,5546,257
Kia,26,258
Kodi,8685,259
Kohl,7410,260
Ktm,6839,261
Kymco Usa Inc,5674,262
Kz,8716,263
Laforza,6795,264
Lamborghini,27,265
LANCE,8791,266
Lancia,5742,267
Land rover,28,268
Lark,8352,269
Lars,7851,270
Lasa,7469,271
Lect,5950,272
Lexus,29,273
Lincoln,30,274
Lincoln Continental,6509,275
Load,8402,276
Load Master,7994,277
Lotus,31,278
LUND,8640,279
M Benz,6876,280
M. V. Agusta,8471,281
M&amp;c,6563,282
Mack,6029,283
Magi,6543,284
Mahindra And Mahindra,6731,285
Mallard,8146,286
Mariah,6720,287
Maserati,32,288
MASSIMO,8701,289
Mate,6609,290
Maybach,5932,291
Mazda,33,292
Mclaren automotive,34,293
Mercedes,5545,294
Mercedes Benz,6115,295
Mercedes-benz,35,296
Merceedes,7906,297
Mercury,5541,298
Merkur,5985,299
Mg,5650,300
Mga,8849,301
Mgb,7238,302
Miev,7019,303
Mini,36,304
Misc,7506,305
Mitsubishi,37,306
Mitsubishi Fuso Truck Of,6283,307
Mobl,8281,308
Moffett,8536,309
Mont,7247,310
Moped,8204,311
Morgan,7561,312
Morr,8793,313
Moto Guzzi,6390,314
Mv-1,8804,315
Nash,5667,316
Newh,8602,317
Nissan,38,318
Nissan Diesel,7495,319
Nnt Trailer 6x10,6461,320
Nort,7329,321
North American Bus,8847,322
Nrth,8626,323
Null,5729,324
Nuwa,8239,325
Oldsmobile,39,326
Onan,7263,327
Opel,6662,328
Open,8431,329
Oshkosh Motor Truck Co.,8434,330
Other,5781,331
Othr,5668,332
P&amp;t,8542,333
Pace,6954,334
Pace American,6718,335
Packard,5801,336
Palo,6376,337
Pels,7375,338
Peterbilt,6246,339
Peugeot,6055,340
Piaggio,6346,341
Pierce Mfg. Inc.,6623,342
Pjtl,6723,343
Plow,7378,344
Plymouth,40,345
Pola,6984,346
Polaris,5823,347
Pole,7781,348
Pontiac,41,349
Porsche,42,350
Prescott,7705,351
Prevost,7103,352
Prim,6604,353
Prow,7330,354
Puma,6103,355
R-vi,6096,356
Ram,5543,357
Ramb,5774,358
RAMBLER,8664,359
Raym,6588,360
Redw,7183,361
Reef,6281,362
Reel,7030,363
Refg,5991,364
Rega,7376,365
Renault,5804,366
Repl,6350,367
Retr,6770,368
Rex,7338,369
Riya,7494,370
Rkta,6630,371
Roadmaster Rail,7150,372
Rock,7233,373
Rolls Royce,6829,374
Rolls-royce,43,375
Ruff,7877,376
Saab,44,377
Salm,7552,378
Sany,8427,379
Saturn,45,380
Scion,46,381
Scor,6751,382
Sea,5971,383
Sead,6741,384
SEADOO,8700,385
Sear,5771,386
Shelby,7777,387
Simc,5826,388
Ski,5842,389
Ski Doo,5573,390
Ski-doo,7133,391
Skidoo,7210,392
Skyline,7981,393
Smar,6031,394
Smart,47,395
Sout,6636,396
Spartan Motors,8659,397
Spcn,5641,398
Spcns,6069,399
Spec,7749,400
Spin,7014,401
Spre,7381,402
Sprinter,5547,403
Ssi,7585,404
Star,6046,405
Sterling,7473,406
Sterling Truck,5757,407
Stew,7000,408
Studebaker,5802,409
Subaru,48,410
Subu,6603,411
Sun Valley,6440,412
Sunbean,8340,413
Sunl,6542,414
Sunn,8193,415
Suns,6558,416
Suzuki,49,417
Swee,7871,418
Sylv,7425,419
Sym,6388,420
Tao,6862,421
Tao Tao,5813,422
Taot,7823,423
Taotao,7706,424
Tesla,50,425
Tex,8792,426
Tfnx,6336,427
Think,6075,428
Thomas,6541,429
Thor,8599,430
Thorghbred,8573,431
Thun,5584,432
Tigr,6042,433
Timb,6960,434
Tiog,6566,435
Tire,7141,436
Topline,6551,437
Towr,6910,438
Toyota,51,439
Tra,6809,440
Trail King,5540,441
Trailer,7946,442
Tran,6937,443
Trao,8044,444
Trav,6752,445
Trim Trailer,7828,446
Trit,7107,447
TRIUMP,8697,448
Triumph,6188,449
Triumph Car,5609,450
Triumph Motorcycle,6073,451
Trl,8240,452
Trlr,6249,453
Troy,6143,454
Truc,6342,455
Unkn,6656,456
Uti,7929,457
Utilimaster,6196,458
Utility,5571,459
Utly,8355,460
Vant,6523,461
Vespa,7462,462
Vibe,7824,463
Victory Motorcycles,5837,464
Vip,8761,465
Visi,8375,466
Volkswagen,52,467
Volkswagon,8362,468
Volvo,53,469
Vort,8693,470
Vpg,5575,471
Vw,6892,472
W&amp;w,8494,473
Wabash,6340,474
Wanc,6657,475
Week,6655,476
Wellcraft,7530,477
Wells Cargo,5578,478
Western Star/auto Car,7654,479
White/gmc,7868,480
Wild,6561,481
Wildwood,5681,482
Willy,5905,483
Wilson,6280,484
Winnebago,5998,485
Wnbg,8566,486
Workhorse Custom Chassis,5616,487
Wwt,6401,488
Yamaha,5623,489
Yamh,5920,490
Yatch,6885,491
Yiben,7650,492
Yogo Kawk,6418,493
Yugo,5696,494
Zap,6597,495
Zen,8115,496
Zenn,6965,497
Ziem,6646,498
Znen,7884,499
Zongshen,7127,500